umap_x	umap_y	Centroid X µm	Centroid Y µm	Combined_Cluster
-14154.00219673409	-1154.600829903798	8393.6	7496.4	Stroma
-11762.474060789762	554.1263675613427	8478.0	7497.8	Stroma
-27789.285291000757	-1136.1495041483786	8598.1	7496.2	Immune
20235.610860920446	-2505.28853180029	8621.7	7498.3	Stroma
-6701.386746460586	2202.709620514005	8639.3	7498.3	Immune
-8565.917746449391	-1616.7225074798785	8662.8	7498.5	Immune
-25240.41197526235	-1023.6672854482101	8674.3	7496.4	Immune
-18577.071324444012	-2282.865353957361	8771.3	7495.6	Stroma
-22670.388547705403	-1901.025883225265	8789.3	7497.1	Stroma
-2620.430031085154	-1133.6866373470777	8819.4	7497.0	Stroma
-13060.21765007353	-1749.5711104020256	8581.9	7497.1	Immune
-18700.935348297877	-1317.9874856823149	8710.0	7497.2	Stroma
-20628.283088670276	-433.89441991229364	8752.4	7498.8	Stroma
41640.486677138164	-3625.6248258706823	8444.3	7498.7	Stroma
1509.6082193009352	-849.4175096610352	8398.4	7499.1	Immune
94059.78616525386	-1657.6409630766523	8649.0	7506.4	Immune
-4083.3495100118816	-1029.8309351095177	8425.0	7497.4	Stroma
14656.401922054123	-506.6874525028595	8517.6	7500.6	Stroma
-22901.55947776004	-1652.8402018346808	8667.5	7502.3	Immune
-1905.2963709534743	-2493.8490451340094	8587.7	7501.8	Stroma
-16912.71009305501	-2257.969132932432	8688.8	7499.5	Immune
-21249.960508313652	-755.5525004106544	8782.2	7500.7	Immune
-21482.14942299186	-1985.6404946042464	8771.7	7500.5	Stroma
-1274.0084231342116	-795.387546859989	8429.9	7502.7	Immune
16258.373030928793	-777.8529461978151	8455.9	7502.7	Stroma
8792.549175717999	-1450.477995920337	8574.4	7502.9	Stroma
6729.757566138927	1556.5748097758392	8406.6	7502.9	Stroma
-9953.262186023	-925.566187628141	8417.4	7501.5	Stroma
-18117.363769491163	-1422.7581726523636	8819.8	7503.8	Stroma
-23851.506040159475	-943.9625442397139	8596.8	7503.3	Immune
-14112.41543741554	-1127.3012389918667	8676.8	7503.9	Immune
-14097.582741922619	-330.0500970634748	8703.2	7503.5	Immune
31680.758478339805	3463.8449943318774	8630.2	7509.3	Stroma
42904.48571026027	-2583.6484378939904	8779.3	7509.6	Stroma
21507.665905026442	-2101.3400498910646	8437.9	7508.2	Stroma
-13265.214864673697	-2007.9099122897055	8620.4	7507.1	Stroma
-16359.477771293317	-984.636131664676	8395.9	7508.7	Immune
-21893.8501875066	-1820.9465852541655	8414.9	7509.3	Immune
338.8084336963366	-1149.6907148724763	8815.4	7510.7	Stroma
60706.13366107397	-3772.2499955132726	8587.9	7517.1	Stroma
65293.57718072676	3988.3724218659972	8679.9	7517.0	Stroma
-9971.040918363473	-707.5554623553994	8706.5	7513.0	Stroma
2390.881762095145	-803.6143956406584	8771.8	7513.5	Stroma
20803.86057876474	-2203.8485679740234	8616.3	7516.7	Stroma
-16456.884590950147	-205.27101076972986	8600.7	7512.5	Immune
-8915.884198988853	666.4036206256947	8455.4	7514.8	Stroma
-23959.29256847701	-656.0650278501253	8697.6	7513.5	Immune
12962.53596789782	103.52610082134288	8425.9	7518.3	Stroma
-18571.376279611242	-292.07190173497384	8731.3	7511.9	Stroma
-926.4090644792741	-386.3857371349475	8435.8	7515.5	Immune
-9014.107402626476	629.0611456427591	8667.4	7515.4	Stroma
-22721.75659180856	-1824.8843281127276	8821.0	7516.6	Stroma
-7721.325275334548	-1182.5576340994667	8578.3	7517.0	Stroma
-26637.940991271375	322.5124519576216	8746.5	7514.0	Stroma
-13262.30970041965	-2167.0305814945345	8392.7	7518.0	Immune
56602.665491188935	-857.1604707451272	8405.0	7518.6	Stroma
-8610.173750169102	-1831.033716650522	8417.5	7518.7	Immune
22621.478830653898	-2148.2796360610487	8564.5	7519.4	Stroma
19809.395912240885	2810.5448385684776	8743.1	7521.5	Stroma
-24264.031305161167	-1849.9479323232263	8636.8	7521.1	Stroma
-5919.361826851411	-1518.972182864045	8788.8	7519.6	Stroma
85496.02833963107	-1070.5793116058458	8485.8	7524.8	Immune
20957.99058098314	2988.1260122370086	8702.9	7523.5	Stroma
-1660.2015857024962	-642.0501556634908	8714.2	7523.9	Immune
-8028.0998229502	-1799.0642200317616	8440.9	7521.6	Stroma
-12939.037091583505	-523.8154628118707	8732.5	7520.2	Stroma
-21279.795791112145	1238.5246016373972	8750.8	7520.9	Stroma
-13051.097460846566	-19.45934307890866	8757.5	7525.4	Stroma
-16085.160596418988	-898.608559084227	8774.8	7524.1	Stroma
14301.816502188383	-60.91486677578314	8728.9	7526.1	Stroma
-3673.158605731551	-80.87954487948309	8779.9	7528.3	Stroma
-17335.957306570548	-1650.1509236135846	8822.1	7526.2	Stroma
-11095.476178796675	155.1814363479025	8688.5	7523.7	Immune
-20433.053005166952	-667.2090344778705	8694.8	7524.0	Immune
5450.9907594958495	337.90547532229994	8398.0	7528.1	Stroma
-5760.789393892708	-2278.878343532228	8617.8	7529.3	Stroma
-15650.332752639533	299.82321986965735	8769.6	7530.7	Immune
8328.378240626407	-354.99036937789947	8787.9	7531.0	Stroma
-7132.581697601763	-574.9849368754947	8801.5	7526.6	Stroma
-7914.176757313129	-1820.5118072360046	8595.2	7529.8	Stroma
-10772.31251956529	-993.7852339256858	8413.1	7529.1	Immune
-13866.505072307482	-1953.9379496860313	8436.1	7530.4	Immune
-22432.140403339847	-988.3363170257958	8681.2	7529.3	Stroma
20212.59249936478	3285.337260182434	8744.6	7534.2	Stroma
-12691.255181371784	-635.6749336068985	8699.7	7533.1	Stroma
-20292.546213492602	-760.779518705385	8693.1	7531.7	Stroma
-15281.591655253698	346.7220626106555	8709.4	7535.2	Stroma
-8350.255446226478	-524.4573526141164	8795.4	7533.7	Stroma
-19172.222821442345	-759.6686988588535	8457.8	7531.6	Stroma
-25415.540704124534	-720.326289546537	8683.3	7533.5	Stroma
-24793.66148642641	-857.5057982354299	8394.5	7536.3	Stroma
-4331.784944878076	-2020.7547975370217	8533.3	7536.8	Stroma
-9008.79855161591	-1958.6061863998416	8614.4	7537.7	Immune
-20582.88453793224	1825.663024358967	8729.1	7535.4	Stroma
6454.732513071707	6094.803029296151	8735.0	7542.0	Stroma
-8828.79424537592	-2141.3539773771586	8431.0	7536.1	Stroma
5413.603711450756	-1230.8984714678722	8409.6	7538.6	Stroma
-22868.459129627467	-1074.8074879124676	8703.6	7540.1	Stroma
-8827.96246725618	-1667.9198552166529	8458.8	7541.6	Stroma
-21849.397602368204	-21.927166572382248	8685.8	7537.4	Stroma
-23143.928162023065	-878.150397608408	8695.5	7539.3	Stroma
-12521.486523129366	-1928.807390159754	8801.6	7539.2	Stroma
-24471.94508260463	-1459.8168641473026	8786.2	7540.5	Stroma
-19713.39863827176	-1016.6120974306159	8501.6	7539.6	Stroma
18916.798391886332	1806.8181322956584	8639.0	7543.1	Stroma
-18141.832437637415	-1808.1380301828833	8623.2	7540.4	Immune
-18224.032697888757	-1577.7633685624032	8427.7	7541.4	Immune
-23897.0654483901	-52.20625823129899	8688.7	7541.1	Stroma
-11868.476411219512	746.0011798554619	8726.5	7545.6	Stroma
8865.271696071926	1358.698748260399	8742.0	7546.9	Stroma
-22059.445575440823	-1024.56704798303	8798.2	7546.2	Stroma
9149.3734275303	1364.17036854846	8595.4	7545.7	Stroma
-16022.743764323266	-1744.6764672755253	8661.9	7543.4	Stroma
-20552.939237902756	1205.8504955156504	8679.8	7545.9	Stroma
-17226.740312009875	-255.93068380145382	8756.2	7544.3	Stroma
-14596.847317108648	234.15119288457845	8772.3	7545.4	Stroma
-2012.7514214681069	-2557.1818937025114	8415.9	7546.1	Immune
3596.172066152765	-1320.8487842872685	8424.5	7547.9	Stroma
-19458.589360634112	-1337.4473895956617	8650.2	7545.5	Immune
4499.23790297813	-1178.4181286134983	8813.6	7544.8	Stroma
16202.159997235001	-1270.779237600675	8691.5	7548.8	Stroma
1928.7333431596417	-2294.587638618355	8626.2	7549.7	Stroma
-6325.462398635693	-846.6136194407593	8783.1	7550.7	Stroma
-15770.66743946684	1396.142230835249	8715.8	7548.7	Stroma
-9147.263429342169	4451.91017471761	8672.5	7552.5	Stroma
6712.586538445117	2462.814015417118	8749.9	7554.9	Stroma
-11921.213602847118	-1795.8170035655303	8663.2	7551.5	Immune
11654.824001352878	-1117.9592699904586	8814.1	7554.6	Stroma
-21392.63773578704	-2162.815910957891	8700.2	7549.8	Stroma
-13366.049327347395	-440.9853912874123	8793.8	7555.0	Stroma
6344.466287338713	-2581.446181051052	8417.1	7556.8	Stroma
-6611.981720563519	-193.83945204947395	8409.1	7554.7	Stroma
5644.621066785563	1298.4930132146774	8774.5	7559.7	Stroma
64794.147057620125	-1924.2972970565386	8496.1	7554.9	Immune
-17590.435614403184	-24.219566050264348	8437.8	7555.4	Stroma
-17557.494903846607	-418.92542609760403	8737.5	7556.8	Stroma
5343.990920702301	-2130.069399682194	8634.5	7558.9	Stroma
25975.25486437604	-1667.4953965900968	8654.9	7557.5	Stroma
15016.890184462187	-1825.1285218374626	8702.7	7557.9	Stroma
1823.958448518686	-1303.1369630364363	8666.2	7560.4	Stroma
-9481.220417023429	1215.4584814381433	8693.8	7561.5	Stroma
-9245.40195807397	-769.7318915767576	8428.4	7559.2	Immune
7079.829883693557	-2191.399100012873	8511.1	7557.4	Stroma
-20719.036835536564	-1498.3268832719796	8485.7	7559.2	Stroma
40661.642095912845	521.7203009242126	8563.6	7561.4	Immune
-15562.548938977787	-1358.823014791879	8644.2	7561.2	Stroma
-23635.377999160402	-1833.3516786378923	8812.7	7563.8	Stroma
403.1070466293313	-2423.4085164590783	8517.8	7561.6	Stroma
-24385.67696385015	459.55616277754507	8432.7	7567.5	Stroma
-13178.27314269849	-1985.8018183103527	8489.7	7563.8	Immune
-4738.749519558645	-2163.3266184370177	8404.1	7563.9	Stroma
-8032.308725781597	-1877.5719222077762	8421.7	7565.1	Stroma
51719.639936276464	-3583.2051444591284	8526.8	7565.2	Stroma
1639.132180702305	3831.3137103808967	8741.0	7567.7	Stroma
12037.052150199968	-1971.9879089195208	8542.8	7564.6	Stroma
24079.03675529603	-1771.8682075018405	8505.9	7568.3	Stroma
10191.080237779934	-3058.694957414659	8535.1	7565.9	Stroma
-10475.143227380315	-1340.9943706557779	8703.0	7566.5	Stroma
-3403.269143340789	-2150.702288189176	8550.5	7566.3	Stroma
38487.84596914881	-1581.4315353495497	8490.0	7573.3	Stroma
9447.550830885142	-2137.505890677989	8647.0	7569.3	Stroma
13108.137209833709	-206.96888520046127	8668.7	7571.5	Stroma
2469.0073887617255	737.8723757705716	8709.2	7567.9	Stroma
25032.934574276238	-2403.094941653737	8658.6	7570.4	Stroma
-15055.24935197347	-2219.7652706911595	8518.2	7571.3	Stroma
89869.56495911235	-1980.6414400595813	8563.9	7574.5	Immune
-18834.58031174146	-1385.984503851355	8397.6	7568.9	Immune
-17960.27586081637	1538.9547546401514	8697.2	7572.0	Stroma
-17882.704236632635	-665.3892217694745	8732.2	7569.5	Stroma
-14118.977131992426	612.839560021157	8417.0	7571.5	Stroma
10693.938275608118	-1463.229063074737	8476.9	7572.8	Stroma
-13381.34919837278	812.8310765090473	8721.3	7572.7	Stroma
17213.10335159194	-2604.7135495806774	8579.2	7574.4	Stroma
131124.19156413118	-3062.8794468295996	8538.7	7577.2	Immune
-1456.8953786928687	-2426.910168983717	8397.0	7575.6	Stroma
-6780.887592121893	312.9395699128381	8712.4	7576.1	Stroma
13904.039048639403	2467.196479380087	8417.7	7580.3	Stroma
12862.02294290495	9922.60559285445	8426.5	7582.7	Immune
20558.753957646135	-1724.635736417095	8590.8	7580.7	Stroma
-1168.4652477028212	548.2796067429317	8732.8	7578.0	Stroma
18764.437885840336	-1511.1508440788975	8643.8	7579.2	Stroma
386.24254190515785	3380.8744709049215	8765.2	7580.6	Stroma
13005.095766967454	-138.98423125684462	8706.4	7582.6	Stroma
-21115.257782729514	690.7390891250379	8678.3	7578.9	Stroma
-20410.275074421515	-1477.7603136088533	8657.0	7579.0	Stroma
-15905.234245778076	2398.869952822789	8684.7	7581.7	Stroma
-21287.158019695842	1170.4509235279038	8698.8	7581.4	Stroma
1940.1015878282342	-1284.4908901812487	8664.7	7583.3	Stroma
-8741.001978968787	-665.7407668326687	8724.3	7583.6	Stroma
-432.4543695915927	-1524.5237128164813	8393.5	7586.2	Immune
21116.87066327576	-2332.85048597808	8404.1	7585.5	Stroma
4756.815694035504	-692.1456101836523	8517.3	7585.4	Stroma
3085.9575483837034	-1959.5326158684218	8651.4	7586.8	Stroma
-9430.300869772018	-1742.68045508901	8548.0	7583.8	Stroma
-24152.031394893915	-1723.3950057391974	8791.4	7582.9	Stroma
20882.032496037027	-2661.303979981707	8633.9	7586.3	Stroma
-18798.665602034725	441.6233612391229	8673.2	7585.4	Stroma
20335.481524229137	157.54348019226427	8695.4	7590.9	Stroma
-16396.99096154415	-992.3061036194317	8772.2	7587.6	Stroma
8020.09508602156	7593.561847595143	8715.0	7589.6	Stroma
21870.376324825884	-1751.9277301146637	8534.5	7589.9	Stroma
15603.044774196635	-489.5360394918953	8559.3	7589.7	Stroma
-24170.428215156062	-1066.6881707088514	8720.3	7588.6	Stroma
-13735.508649014231	-976.0171805023665	8569.2	7587.5	Stroma
-16150.739723271821	-1255.2543551643657	8488.7	7592.2	Stroma
-14584.450347465601	146.53185381520825	8731.9	7592.4	Stroma
-8270.077835915934	322.1472511467887	8790.8	7593.6	Stroma
1808.92264481631	-1959.9360217099481	8630.0	7593.6	Stroma
-2123.5894466305544	-1844.6389216459183	8670.4	7593.5	Stroma
-17188.18145535115	-850.8304713359346	8709.5	7593.3	Stroma
13927.665942808657	-2463.477716040683	8578.1	7593.5	Stroma
-10729.645221488085	1302.7441968081457	8703.8	7593.0	Stroma
-20816.150936560673	2118.57481043828	8418.5	7593.3	Immune
-7263.666938058901	1346.0484432386988	8724.3	7595.2	Stroma
-5012.739712163828	1580.3848040458797	8685.0	7597.6	Stroma
-18696.054676775606	98.57054940521994	8544.2	7595.2	Immune
10300.449469691222	-2734.286389953685	8622.1	7597.2	Stroma
-19860.47027219379	-1299.7887837703624	8552.0	7599.7	Immune
-6826.143269421747	5084.088395008362	8417.1	7601.8	Immune
-18192.972087586604	-1991.4936002022014	8394.9	7599.2	Stroma
-19740.80885309619	-1291.4879476620818	8408.3	7599.2	Immune
16195.65954819502	-961.7711875573646	8674.8	7602.8	Stroma
-19205.801179668328	1215.9220832468204	8692.3	7599.7	Stroma
-20136.574039814106	-2022.9365599453013	8665.2	7602.2	Stroma
-19143.14306546702	-1375.6066245392951	8706.1	7601.5	Stroma
10548.976386106573	809.7320178486934	8713.9	7603.2	Stroma
-11649.18496975745	594.7148960843383	8740.6	7600.1	Immune
19797.79328101241	-725.0705586855465	8644.8	7602.5	Stroma
-13689.7296298351	-1937.19629888372	8618.0	7604.6	Stroma
-11646.328785229234	-292.6402995900205	8724.0	7604.0	Stroma
37279.63808745114	-2879.4428283960183	8529.4	7604.7	Stroma
2641.833568493341	-643.0456506330456	8607.5	7605.1	Stroma
2939.636931377281	-1685.6341857553116	8496.2	7605.3	Stroma
3443.5753536773336	-1454.183226195531	8516.7	7604.4	Stroma
-18562.72113648958	1732.8918864318848	8695.2	7606.6	Stroma
-21483.710650026755	75.39937252195932	8733.1	7604.3	Immune
28051.234282159494	-14.720843287023854	8588.1	7606.9	Stroma
-23161.016671585683	-1031.611095028988	8701.7	7608.7	Stroma
162228.62382874556	-3160.6187907339818	8550.9	7607.9	Immune
12608.59506056564	1282.9408022494708	8655.6	7610.6	Stroma
-12929.766349373054	-499.0579024622432	8718.6	7608.2	Stroma
-23198.6172471784	-755.7204396828088	8746.5	7605.5	Stroma
173973.10752575623	4291.076942765502	8406.4	7619.8	Immune
-2.302526567495079	-1137.933992613786	8709.0	7611.3	Stroma
-15771.833217710537	-2130.432867022558	8679.8	7608.9	Stroma
-20009.698817739034	270.0296864762472	8687.0	7612.1	Stroma
19661.585846231173	-1336.7277288479274	8636.5	7611.4	Stroma
-20075.39325625634	-1192.735603019323	8736.5	7611.9	Stroma
-25922.400040736546	244.2289797811436	8697.9	7614.7	Stroma
12875.14693420595	-416.7408094189441	8567.0	7614.1	Stroma
-20906.921213055226	-1649.7499621444103	8728.8	7612.0	Stroma
-14277.999536732405	-1087.581973728853	8521.5	7612.6	Immune
-7775.734984097169	838.1778740180898	8745.9	7615.2	Stroma
15029.757701915303	-1650.910366265628	8484.9	7615.6	Stroma
6902.504300218236	-1066.7094273189978	8683.8	7620.2	Stroma
-12084.323407462009	-790.4019119302491	8589.2	7617.3	Stroma
-11522.98026905294	-768.657542147454	8718.9	7616.1	Stroma
-14946.728879164395	-2055.4902658315586	8514.6	7615.6	Immune
-1077.2884706654368	3228.252507475775	8694.0	7620.5	Stroma
5719.612373007869	1986.8123304357132	8626.7	7618.3	Stroma
-1263.9831456105676	-206.95899867112007	8726.8	7619.8	Stroma
6785.264659708424	-1159.2731159179543	8505.4	7619.5	Stroma
-15997.017650828926	833.0012195186391	8527.8	7618.0	Immune
-23153.55327221519	-1461.268649638348	8735.7	7619.6	Stroma
-19793.269426156177	908.5317661392705	8708.5	7621.8	Stroma
5252.871103327576	4607.995860658219	8748.6	7626.2	Stroma
-3875.548976912374	-1429.1181188497228	8648.7	7626.6	Stroma
69775.32121255435	-2740.6967912663004	8533.6	7625.2	Stroma
-9233.31731913595	90.65934933979997	8761.4	7623.3	Stroma
105990.01398456916	-921.7879064215495	8452.8	7631.5	Immune
55106.90240634329	10248.746084311866	8775.2	7629.5	Immune
77920.37120953489	-3211.48044752261	8666.7	7630.0	Immune
8124.914202127795	-800.8594640715735	8474.4	7631.7	Stroma
-19545.220965771394	1080.3703664349077	8719.6	7627.8	Stroma
-24341.694555901155	-930.0898282089126	8553.3	7625.8	Stroma
108483.8152874637	1199.1444710078254	8679.1	7641.6	Immune
-8426.900000332931	2201.5372690534286	8698.3	7630.2	Stroma
-9709.171427084577	2507.448346799304	8730.6	7630.6	Stroma
-8419.420820131723	569.3484347473591	8396.5	7633.7	Stroma
44766.558794805984	-746.9864792296194	8514.6	7634.7	Stroma
38883.61412539487	-2588.1044537724983	8545.9	7633.0	Stroma
-25307.48063144355	-49.7165392840368	8754.3	7633.0	Stroma
-10358.741710189392	1463.2924111029793	8762.1	7631.4	Stroma
-18034.301904327272	-597.3878371657788	8712.5	7632.2	Stroma
39022.295180466	-3128.955200345975	8527.6	7634.4	Stroma
-20772.951781212032	-1091.184691357263	8602.2	7630.5	Stroma
8838.896765198551	-1467.9791182370152	8640.7	7634.3	Stroma
76055.63927794312	-178.11527635196148	8566.6	7632.0	Immune
-22364.58325679513	-140.7342582952292	8690.9	7633.9	Stroma
-9589.149363478478	-1484.3435151308431	8401.5	7640.0	Immune
-13296.731548118878	-2209.9529006657644	8535.0	7638.6	Immune
65858.21344437852	-2947.404341221514	8617.9	7635.8	Stroma
-25716.501038395847	-373.4852970807365	8760.6	7636.7	Stroma
-19131.271827997898	-619.5580093381996	8700.1	7642.0	Stroma
-20923.14308484027	-1911.7975765177757	8582.0	7636.4	Stroma
-10905.920087547096	-1474.7661883947262	8591.1	7637.3	Stroma
18852.75289407301	-2234.681404214408	8632.4	7639.2	Stroma
7661.483258067761	-2198.5810206967694	8603.8	7641.0	Stroma
-8148.333797330812	-2177.7033021957836	8541.2	7641.6	Stroma
-10698.413384695468	-1433.9599599899802	8561.1	7639.8	Stroma
-16772.614062826404	335.78673067575846	8723.9	7640.0	Stroma
45816.55624784819	-1949.825502786059	8575.4	7643.1	Stroma
28156.93817096665	2688.8172795690443	8690.1	7645.1	Stroma
-18659.92369261003	584.2555142435276	8767.0	7640.4	Stroma
-21743.78784159355	-1377.4897901008544	8710.8	7641.8	Stroma
-21124.009820738265	50.14016031497522	8754.0	7642.6	Stroma
29961.814622423888	1843.346667384766	8407.0	7648.4	Stroma
-24366.223978150534	-1208.784319570923	8777.2	7642.1	Stroma
-776.3160885408797	-1783.1576049526157	8649.3	7643.3	Immune
-13572.1034165864	-1603.4171559125652	8516.7	7645.1	Stroma
-4251.863458327694	-884.8741394612102	8616.5	7645.4	Immune
3346.751559216442	2355.8045057565705	8769.9	7647.4	Stroma
-26260.67554357201	219.48875758369604	8785.6	7642.9	Stroma
12987.637571589075	-1929.2992636493423	8666.3	7643.5	Stroma
11447.67880866686	-1228.4752854493252	8432.1	7645.7	Stroma
79999.94363016315	-2145.414469260275	8553.3	7649.6	Immune
-23664.0417718089	-985.2407061810279	8566.2	7646.6	Stroma
-15628.059998874789	-364.3069610803011	8630.9	7646.2	Stroma
-9178.618818315063	-1136.6226712537527	8504.3	7645.8	Stroma
-4536.130976542838	-1605.751688061955	8589.8	7646.2	Stroma
-22249.76666806924	-1407.1930231581289	8715.8	7649.7	Stroma
-106.51509210185759	1329.9484429485988	8757.2	7650.2	Stroma
17455.08195342838	-2461.7611390331153	8658.8	7650.8	Stroma
-16201.889886615136	-1197.4380143950093	8420.5	7650.3	Immune
7036.308474997575	-1349.9447542264547	8443.2	7651.2	Stroma
36400.394598564875	-1356.7775995939996	8463.4	7655.1	Stroma
86299.89919403072	-1361.96031863832	8621.0	7654.0	Immune
-14937.553258015465	-1053.8059416110339	8506.6	7654.6	Stroma
74709.99184194696	-1583.0385392459507	8776.8	7656.0	Immune
-22153.192042675226	-1297.2158278407137	8606.5	7650.2	Immune
-2843.371410759566	-969.7508458410921	8573.8	7652.4	Stroma
-18678.508224425106	-1636.9474999186064	8634.3	7650.8	Immune
25577.853542788034	-2078.9094643250987	8497.4	7654.9	Stroma
-13094.855174889522	-2020.4494756753797	8590.7	7652.1	Stroma
-1767.0804430136996	-1557.4621968123893	8692.4	7654.8	Stroma
80838.94350371587	-3718.0190661773063	8803.4	7655.6	Immune
4764.493489600471	-2067.459337595608	8453.5	7652.8	Stroma
-17908.62660094165	-1448.0677526726054	8516.2	7653.9	Stroma
80159.41886516576	1953.333357810981	8601.8	7658.4	Immune
-234.86718778400973	-1886.034415597143	8564.7	7658.3	Stroma
-25651.111158485168	-507.161680625426	8683.5	7653.9	Stroma
-11218.884200643472	-1422.6044243114006	8638.8	7655.4	Stroma
-972.0108981394151	-1428.7711149068964	8734.2	7656.8	Stroma
-22926.68560663978	-2012.709079242267	8537.9	7657.9	Stroma
-9565.357577854029	-1754.6195056096599	8744.0	7658.1	Stroma
-1287.22278453537	-2040.4292925330085	8424.1	7660.3	Immune
-17793.318136607442	656.9922471912478	8756.6	7658.4	Stroma
7597.569533334026	274.72405173498146	8585.3	7658.8	Stroma
-18672.985301242203	-1610.3855543157842	8787.9	7659.2	Immune
-18663.893395891882	-1549.081324761862	8511.5	7661.3	Stroma
-14154.196269797929	-904.0791378364793	8403.1	7659.8	Immune
-20633.07252779577	-1375.2144962979746	8574.0	7659.3	Immune
-12139.294869612182	-1747.41000993841	8433.6	7660.4	Stroma
-3491.076816828332	700.7975262928353	8681.4	7662.4	Stroma
-23796.462292472883	-1135.1142299368335	8748.9	7661.3	Stroma
12752.146322823704	-2036.546193401633	8446.6	7665.6	Stroma
-19048.758607290816	-1786.792222278024	8644.0	7659.0	Stroma
9219.413365406319	976.9747952934631	8502.0	7666.1	Stroma
-20932.532051600854	722.5982876866965	8707.6	7661.4	Stroma
-12555.92068176697	-1206.2879933352883	8614.3	7661.7	Stroma
7357.123958234057	-1478.163188669787	8667.9	7663.9	Stroma
33409.750837226486	-1193.7094173101686	8694.5	7663.7	Stroma
-20951.80605625707	-1884.9920918909684	8782.8	7664.5	Stroma
9665.670574607233	-369.825478322859	8631.4	7662.6	Stroma
-18362.94348437727	-2280.1219187425054	8649.8	7660.0	Immune
-5689.220547015844	-895.768582692298	8656.9	7662.2	Stroma
59583.935288724635	-2804.443547248326	8486.8	7670.5	Stroma
5569.5736428534365	-1040.9699492206728	8593.8	7668.6	Stroma
1307.529938806605	-891.3896663431124	8571.6	7666.4	Stroma
-910.0064464377065	383.10441168148964	8407.0	7669.4	Stroma
61981.60065365677	-1989.524922589239	8645.7	7669.2	Immune
-6326.1290209715335	-466.4822168779324	8616.3	7668.3	Stroma
-17009.74899169382	1393.860303192525	8703.1	7669.6	Stroma
-24587.244699066585	-929.072219437217	8750.3	7669.4	Stroma
-5038.750105182182	-1065.5517867688745	8454.3	7671.4	Stroma
-16664.684484562185	-885.7416182214135	8396.3	7668.2	Immune
-4088.768203802676	-910.0605270727285	8431.9	7671.7	Immune
-16058.471919706491	-629.4118352675787	8661.4	7670.5	Stroma
9362.586424273315	-1675.781172058566	8474.7	7669.9	Stroma
-19321.535773304822	-645.9588707377991	8768.5	7669.8	Stroma
-5343.139492772709	1355.780325362171	8682.7	7671.7	Stroma
267.44686915924103	-1427.3878307125146	8693.2	7672.5	Stroma
-22001.207760282883	-1540.0137642558811	8580.7	7669.5	Stroma
-23181.23199360558	41.21006454576627	8656.0	7670.5	Stroma
-17452.19903556135	-1958.4992212689885	8495.7	7671.8	Immune
99685.96988877137	-2902.0752279487706	8631.0	7674.1	Immune
-18397.507188914627	523.8607906072698	8804.5	7671.9	Stroma
-21383.57016120705	-1901.5520442484176	8577.8	7677.3	Stroma
31769.427821317426	-359.4308692366203	8502.1	7685.3	Stroma
-1508.7965971818048	1297.023189378221	8688.4	7679.0	Stroma
-17710.90133692133	-1732.3313985300274	8493.5	7676.7	Immune
-12671.138949640506	-1234.2507991379741	8587.6	7677.1	Stroma
-18726.481454165994	-735.2140023179111	8657.8	7678.3	Stroma
2316.0658344327094	2469.5630106676263	8542.8	7679.6	Stroma
17306.982169239236	2379.465119361601	8615.6	7679.6	Stroma
-4634.067027817684	-1435.1511460969048	8642.9	7678.5	Stroma
-15285.849587975135	-995.9637979006209	8668.9	7678.7	Stroma
-14072.009446947028	-994.2817132616385	8675.6	7676.3	Stroma
-10671.687076035978	-767.1623979265946	8794.3	7676.2	Stroma
-20666.18758786246	-1925.768220299772	8393.7	7677.0	Immune
-11174.554684309784	-379.2902533711349	8696.8	7681.3	Stroma
-10182.752068681388	-908.0080101790345	8777.3	7679.8	Stroma
103325.11106818116	-1546.5523973924169	8809.9	7682.4	Immune
-24111.59717422757	-294.12170863098436	8726.3	7680.4	Stroma
-20009.232275339262	-593.1658966836578	8432.2	7681.3	Immune
7987.232912122796	-1136.1804531061148	8490.8	7682.8	Stroma
134062.30478985346	-4203.274785496331	8653.0	7694.2	Immune
-10779.27379208211	1385.5104112823992	8685.7	7686.0	Stroma
14300.591183568918	-1200.0225347648475	8397.2	7685.6	Stroma
-7563.829555214401	-2045.266549855658	8442.7	7681.3	Immune
12258.340636060733	471.27052539172655	8668.3	7687.3	Stroma
-17590.524936692364	-853.0506632196023	8678.5	7685.7	Immune
-26366.073763116277	272.87540427354315	8702.0	7683.2	Stroma
-3032.8212249453863	364.6401558620105	8607.0	7686.1	Stroma
-5813.093969139765	-1685.7267387131478	8598.8	7685.5	Stroma
-15436.994654220794	-161.29044014451233	8660.4	7685.8	Stroma
-10408.336853931807	-1650.1717359022955	8783.9	7686.2	Stroma
-12064.715880946602	-1644.081658077432	8589.1	7686.8	Stroma
-21450.577148643268	-1915.769154161814	8416.1	7685.8	Stroma
-9807.300351081289	1119.8285829161769	8692.2	7690.3	Stroma
-3968.5594194938094	-727.7308085689381	8462.4	7687.7	Stroma
-6940.873536445546	-671.2001211942359	8484.3	7690.1	Stroma
11611.444209070869	7123.9064425116685	8747.5	7690.0	Stroma
-17139.468308471933	-1606.967339572669	8426.9	7687.6	Immune
-14623.524617672207	-1873.9422648685456	8440.5	7690.5	Immune
-19032.09171236906	-1192.6470789067637	8447.9	7689.7	Immune
-21274.28598399175	103.09393800256066	8422.7	7689.8	Stroma
-22744.48261387988	-730.466657661081	8434.0	7690.5	Immune
-13635.194500645255	943.6021278137232	8706.4	7689.8	Stroma
-1817.256621934408	-1260.3819271056138	8534.2	7691.9	Stroma
-11424.001853774826	-2098.13045360865	8823.2	7690.6	Stroma
8783.735514433574	1330.9259372021215	8721.7	7695.4	Stroma
-11113.959955725266	-687.3963475337782	8735.6	7691.0	Stroma
-15248.425217090135	-1190.323267057627	8789.8	7690.9	Stroma
-7054.13737273986	-479.1746806799322	8403.8	7694.0	Stroma
-7969.494727551584	-1513.9860778486877	8592.7	7695.8	Stroma
-23187.791310090775	208.20642353204403	8662.9	7694.0	Immune
-3629.9932836612497	-303.102248951702	8699.7	7695.6	Stroma
10020.746609052963	-2553.2380438699975	8510.5	7694.2	Stroma
61105.459899895286	-1811.4577878618634	8544.3	7701.8	Immune
-2122.391587875958	374.96512548512874	8783.6	7699.3	Stroma
1911.2218051965465	-186.14452034610667	8395.9	7699.6	Stroma
14321.323041566116	1184.1102071146047	8415.7	7697.2	Stroma
-20678.127560398658	-600.0099231603358	8729.7	7695.1	Stroma
-2425.7410078350294	1243.268696559343	8683.1	7696.1	Stroma
6351.38043408536	-1820.785948845495	8430.6	7697.6	Stroma
-23153.785759363265	-1702.9941789110992	8669.6	7695.8	Stroma
8614.103115641636	-814.2509749057936	8459.0	7698.6	Stroma
-21950.6505601205	-1040.2359327689492	8675.2	7696.2	Stroma
3213.7226145962923	-868.4775239441014	8795.9	7699.2	Stroma
66008.84748429521	-2437.101555618773	8810.2	7697.3	Stroma
-6282.698634042914	-1922.7803685657575	8601.1	7698.2	Stroma
-8988.958323953684	-1265.1889639381507	8694.6	7700.2	Stroma
-13177.263950703178	1496.344820579317	8710.1	7698.8	Stroma
-20974.508034993112	-922.8524464245615	8741.2	7699.0	Stroma
5319.314495917926	1124.5665803295751	8443.9	7700.3	Stroma
-1844.0710738510897	191.56255667140567	8666.5	7701.2	Stroma
-10133.281559461037	-1640.0343738524814	8424.2	7703.1	Immune
-18253.81884834019	406.14920432430563	8409.6	7703.2	Stroma
130641.69950424031	-4418.907181486698	8635.6	7702.9	Immune
-21748.27455076989	226.4490724395223	8688.5	7702.5	Immune
-23127.41407540382	-20.058965873813577	8726.5	7703.3	Stroma
-18060.05705191695	-551.102313377982	8821.8	7702.3	Stroma
-10458.37260970359	-952.6899396059957	8677.2	7705.1	Stroma
-18909.89780803171	-1357.678754351125	8506.8	7703.8	Stroma
-2094.74352888851	-843.3843226269246	8734.1	7703.7	Stroma
-12733.818178892729	-703.815351727761	8434.1	7703.8	Stroma
2457.900035431281	75.02932937408332	8479.9	7704.7	Stroma
-23925.748186076635	-1619.2995840460658	8498.4	7706.1	Immune
-16313.753664498996	-1266.5466360784706	8700.4	7706.2	Stroma
1262.2357636034794	-1515.811507315651	8601.9	7705.7	Stroma
-15208.331868870733	1843.120921964371	8750.3	7703.6	Stroma
-18571.653378756495	-89.02865137892286	8554.6	7706.2	Immune
-15273.002018624102	631.0617459058399	8665.8	7708.5	Stroma
-12346.86913406929	49.44528369431191	8766.3	7706.1	Stroma
21294.322604594483	-1442.9422714835387	8454.9	7708.8	Stroma
-23121.012334782892	-1617.3713221077005	8512.6	7706.8	Stroma
-16220.052609755196	-1513.4694937135641	8517.6	7707.7	Stroma
-25488.16801485385	-621.0225093918484	8690.7	7708.1	Stroma
-22956.69940205745	1104.9981473954704	8708.0	7710.1	Immune
39167.48391013418	4531.760460522444	8408.4	7713.7	Stroma
-17399.693237758715	-1989.5848840682404	8428.3	7709.7	Stroma
40483.23248067076	-115.90927807362254	8441.4	7710.6	Stroma
41452.10891241139	1102.8518597029206	8814.8	7712.2	Stroma
-23029.406633808514	103.80263257433762	8715.5	7708.8	Stroma
-15939.616834988865	-810.554579156887	8728.4	7711.2	Stroma
4321.090107114353	-499.5223777503877	8739.5	7711.3	Stroma
-13557.347525824593	-273.29439765868415	8752.5	7710.4	Stroma
13508.54528481602	-1244.778163817236	8519.9	7718.3	Stroma
20550.92412168662	747.9079596188922	8396.4	7715.2	Stroma
-19852.418850762224	-1408.7896950091995	8559.9	7711.3	Immune
66237.23792397146	1169.0502507737447	8606.8	7721.1	Immune
-24577.315650187353	-949.744705939605	8683.2	7711.2	Stroma
-15611.542818699465	-2195.3181994559795	8629.4	7712.4	Stroma
-22492.25550147321	21.93788735132148	8476.4	7711.6	Immune
33394.096676764544	-453.8507683892476	8658.1	7720.8	Stroma
-23174.994546048478	-361.51457144937945	8699.1	7712.9	Stroma
5134.268617137961	2373.614717782116	8469.2	7715.0	Immune
-18948.773413340463	-674.8838504248477	8690.1	7715.6	Stroma
-23025.288379908572	368.3900635063533	8720.5	7714.3	Immune
-21420.670649892596	-798.1813628020568	8750.5	7715.8	Stroma
-2267.3563633556405	-1278.6361613380082	8435.5	7718.3	Stroma
2555.3946697810243	445.96193689517804	8486.9	7717.7	Stroma
-11227.1173600037	-1768.9403072035325	8676.7	7716.8	Stroma
-24391.91136847613	-1671.1256524944042	8563.5	7715.4	Immune
-14836.536425927436	-1355.8086376324184	8572.4	7718.0	Immune
184863.63397607923	-419.42143445435136	8597.6	7735.4	Immune
106484.04898832801	-1119.2309848040554	8545.8	7733.4	Immune
15926.63775595578	-2010.676744123565	8636.7	7718.3	Stroma
-15543.050503323448	-1044.7745083507984	8460.5	7718.5	Stroma
-11525.84419127996	1907.529670963178	8705.0	7718.1	Stroma
16151.525233360851	-1254.2845948659517	8446.3	7719.8	Stroma
-16279.394164144083	574.8333820283829	8478.8	7720.1	Stroma
-22812.730006136015	592.0420942428173	8427.1	7719.1	Immune
-15144.947257265336	3687.053527534331	8421.0	7720.2	Immune
-17276.597962882606	-1168.880537330726	8618.9	7718.1	Stroma
-23074.275497224422	379.8666450968003	8796.2	7718.0	Stroma
-23287.506864523202	-1301.9661210098227	8556.0	7720.5	Immune
-20793.62439900059	-1215.7267766741752	8737.4	7719.4	Stroma
32990.33199098347	4717.128835672212	8699.9	7724.1	Stroma
-21418.401433065323	-148.33722014856994	8726.2	7718.8	Stroma
-26383.041971115104	-713.8298279202747	8567.1	7722.1	Immune
-12542.386567927293	512.0767963840622	8581.9	7723.8	Immune
-20636.554807557248	406.1454220732494	8749.2	7720.9	Stroma
-21298.77205687349	-143.86965536727212	8405.7	7721.6	Stroma
19322.4010718641	-1549.7559281834842	8452.0	7726.2	Stroma
-13617.278408881753	2088.016384182147	8712.8	7724.0	Stroma
-17395.210923375253	-1287.3038491696984	8730.5	7724.0	Stroma
-1592.9099805020232	1695.0053485341032	8721.8	7725.6	Stroma
-15391.642323719967	-814.7847628623729	8559.9	7727.6	Immune
-11785.894435137136	-1549.6584348754718	8735.2	7728.9	Stroma
-19190.177737405873	-516.6584732734502	8395.8	7726.8	Stroma
5494.254061543805	-2584.010364030815	8492.6	7727.3	Stroma
-18348.717619176885	570.0350870981015	8411.2	7728.1	Stroma
-22850.46123687842	-688.1916334255877	8618.1	7725.9	Stroma
-27092.70741641205	-730.0744844602978	8588.1	7730.2	Immune
-17985.53442789059	-913.760555730662	8681.0	7728.2	Stroma
20398.359686698474	29.397886905448104	8759.0	7729.4	Stroma
-19426.010007095392	-1148.7795461238466	8419.3	7728.2	Stroma
-19765.086148457605	-846.0097126903943	8460.2	7727.8	Immune
18671.060305688814	3352.230419313999	8743.3	7728.7	Stroma
-6312.735845350628	2670.8725069429083	8796.2	7727.4	Stroma
-25856.029382927183	-741.9941219157602	8404.9	7730.6	Stroma
-8654.535182026451	-533.1839783267758	8688.0	7728.8	Stroma
-23228.201548209116	23.910216662164657	8695.3	7729.8	Stroma
-2384.7975700194947	-1508.9762068509033	8506.6	7728.4	Stroma
4986.693760234863	-911.3415957736597	8671.8	7728.6	Stroma
-17112.390248618853	-61.08164418207025	8774.1	7727.1	Immune
68896.4358497766	1806.264859814803	8629.8	7738.0	Stroma
9812.967745359208	-89.22422571609991	8632.9	7730.0	Stroma
-17048.84588594286	-1204.3663870528903	8814.0	7728.7	Stroma
6283.723192110745	285.5391944918688	8822.2	7731.3	Stroma
-22147.98191177333	360.36047802370103	8444.1	7732.3	Stroma
-11513.519857771225	69.88814743644298	8564.5	7733.8	Immune
-986.1630228756185	648.1309790251912	8427.3	7733.7	Stroma
8423.13784546082	-904.124971805564	8645.8	7732.6	Stroma
-24806.361693735736	334.9880328681761	8722.5	7732.3	Stroma
96372.31938915876	-2014.8905174497852	8810.6	7737.2	Immune
-18396.60551994086	-732.4329946723963	8483.0	7733.3	Stroma
-12193.017329355323	-1510.3705950215995	8751.6	7734.9	Stroma
16802.061228397048	504.6156130210247	8783.3	7733.3	Stroma
2424.162910760817	2636.3611949657916	8655.1	7736.7	Stroma
23460.081748265016	2508.523799750492	8462.9	7740.8	Stroma
-9548.124726609964	-2229.1575879890624	8512.1	7736.0	Stroma
-18893.008079794996	-152.74064740428094	8572.0	7733.0	Immune
-20652.506754804625	-371.57187783737663	8704.1	7737.0	Immune
-19270.45599029257	609.587917139248	8727.9	7737.0	Stroma
-3717.0197555202467	-636.1986567296976	8668.1	7738.0	Stroma
23842.836062529313	400.74173672796405	8799.3	7737.8	Stroma
7428.595278407396	-1835.835633758046	8494.0	7739.9	Stroma
14708.84744539734	138.19253115668744	8620.2	7741.4	Stroma
-18841.127581269575	319.1987594307702	8769.0	7738.3	Stroma
-15582.089729399766	-171.92957505378035	8576.5	7742.3	Immune
-18608.739199563042	123.0613215005219	8581.9	7738.7	Immune
-16052.460326040557	-1471.5210543109401	8417.1	7738.5	Stroma
-15617.289784875404	267.58753724782446	8745.3	7738.3	Stroma
-17847.84112808382	-380.7729480734181	8690.0	7739.7	Stroma
12519.312062109188	-762.5868586317188	8503.0	7743.2	Stroma
-13572.35552880444	-1088.4069198438824	8778.7	7739.6	Stroma
-18943.317056162043	-1447.8034166836146	8790.9	7740.6	Immune
-21355.961278915485	52.6197125077033	8452.2	7743.1	Stroma
39727.16876466153	4404.276122279957	8489.4	7750.2	Stroma
-2882.3303162132725	-1137.8099520003166	8433.6	7742.0	Stroma
-23347.593771720483	-1275.5187723387612	8570.4	7741.9	Immune
1443.9816340215766	-1451.8231191206723	8516.0	7745.9	Stroma
-28715.335337694174	-1013.5795539847427	8553.5	7740.7	Immune
-24367.6418626528	-633.2609311873969	8558.1	7743.6	Immune
5230.87734673138	997.1389313145191	8734.5	7742.3	Stroma
-16575.833354756855	467.0647479325212	8563.5	7747.6	Immune
-672.3699704272731	1829.4906464598039	8587.3	7744.3	Immune
-11271.59224342932	1673.6066816679727	8720.7	7744.2	Stroma
5609.107959945344	1314.5387368405986	8782.9	7746.8	Stroma
-20467.513926179974	-853.9161503266187	8398.7	7746.8	Stroma
77093.68896694593	-1565.1663079970858	8428.0	7753.0	Immune
-11720.075998662858	-1693.8195130179747	8641.8	7746.7	Immune
1479.45270894438	178.95038175380705	8752.4	7746.5	Stroma
-7752.698833803595	1064.8672002213084	8690.9	7747.6	Stroma
29109.705280501425	-297.3621615006814	8652.0	7750.1	Stroma
-20931.701698793346	2165.8419531044738	8446.0	7748.7	Stroma
-24304.52324658346	-859.9573660083511	8570.6	7748.2	Immune
53501.322002820045	21472.925302765085	8732.6	7753.4	Immune
10624.91695740584	-936.4237824684701	8630.9	7753.0	Stroma
-18161.292736106396	992.9402366757076	8436.5	7750.2	Stroma
182.0555408037544	3083.4328889220624	8712.4	7751.7	Stroma
-248.1271763006589	-744.9505288609637	8801.9	7747.9	Stroma
-3995.9275188259635	997.877294931216	8722.8	7752.8	Stroma
30730.61630579352	2046.437603968252	8741.2	7755.1	Stroma
-13372.435532016723	814.9571258514138	8590.8	7752.4	Immune
-25013.059777116345	-297.0703492547875	8698.3	7750.7	Stroma
-6788.792802711756	-682.890506767005	8663.5	7752.0	Stroma
-23471.210119765077	-852.0640647032544	8441.6	7753.8	Stroma
2743.049121420001	-758.3518535833261	8503.8	7755.3	Stroma
-20422.777331499692	-352.8025703316507	8572.0	7754.8	Immune
-9289.392812703547	-1000.2859105043849	8811.6	7754.0	Stroma
567.628806782217	14.461520555209518	8672.9	7754.1	Stroma
-20120.02290470232	-138.27473220102797	8749.2	7755.3	Stroma
1867.0613506396403	2041.568719757216	8795.6	7757.2	Stroma
33457.744309036265	1504.709618488425	8686.8	7758.3	Stroma
39577.65434087183	8752.139672676974	8764.0	7756.7	Stroma
5799.433266729866	-1291.044346735966	8548.4	7760.0	Immune
945.9439177810418	-624.6211937897558	8783.1	7756.8	Stroma
-23869.66180358672	-313.46956701851514	8580.5	7756.5	Immune
-7180.938579281708	819.5145187863823	8564.5	7760.2	Immune
-14071.168021678277	-336.1233685918387	8803.3	7759.6	Stroma
-20532.82977137983	-39.614871553884086	8745.3	7759.8	Stroma
-16133.67154828873	21.129197380988444	8591.5	7761.4	Immune
-19226.20095845333	179.39257238660457	8722.9	7760.4	Stroma
-17468.65629826018	2937.8209408020293	8455.5	7760.8	Stroma
-17000.405365287894	1519.4375989107803	8446.3	7762.0	Stroma
26733.772176820057	-712.8133876999457	8507.7	7765.5	Stroma
5023.293670807303	3352.9247362570522	8716.8	7764.5	Stroma
-14337.53909788097	-1295.2828047774415	8574.0	7763.1	Immune
70.51806745117938	-700.1983706247379	8490.1	7765.1	Stroma
-20972.190315017942	-511.13890406561495	8772.3	7762.9	Stroma
-7463.54457615488	-687.3408797902323	8439.5	7766.0	Stroma
3716.26521282718	1873.9084567342065	8469.0	7763.0	Stroma
-4767.176938407327	1557.513801472333	8583.7	7767.0	Immune
-5336.705192562193	1012.0293827371479	8729.9	7766.3	Stroma
-18619.730912272025	-707.4696800522224	8755.3	7765.3	Stroma
-6351.776905076218	2157.821568976802	8822.1	7764.0	Stroma
-18024.479734248325	-195.848341778978	8745.3	7767.7	Stroma
-21498.3164675072	1510.8262641031447	8463.7	7767.8	Immune
2304.497898609654	-833.1782389206783	8606.2	7768.0	Immune
-6991.103969855354	-423.65443885240757	8779.8	7766.1	Stroma
-22334.382204408274	-743.8246054081908	8813.9	7763.9	Stroma
-16019.70432870484	-14.50662121010555	8700.8	7767.5	Stroma
-23062.461569896594	-1219.471697409216	8761.1	7767.6	Stroma
-25151.6115857705	985.265001092831	8804.0	7766.9	Stroma
-4630.248099385579	-1431.203596699061	8551.7	7772.7	Immune
-18975.67083962125	1290.8877269712762	8808.0	7771.1	Stroma
-13965.699912164699	-345.33980978261934	8570.7	7771.4	Immune
-27863.530566486475	-876.8540932795979	8578.6	7771.5	Immune
-5752.000624386164	2802.1989527833966	8713.0	7772.1	Stroma
-19506.703579186382	84.62905896356278	8594.3	7772.8	Immune
9844.945141593867	3676.293346993867	8488.0	7773.7	Stroma
-19543.727869476577	-929.6831163776912	8626.7	7771.7	Stroma
-14488.291661362142	-10.899242244451216	8767.0	7770.8	Stroma
-20140.747812170208	-1679.2711246958954	8445.2	7771.5	Stroma
-19330.25263264998	-18.159810864794963	8564.4	7774.3	Immune
-20898.777910269986	-1325.7741951540656	8787.4	7771.2	Stroma
-15129.061860224585	3494.441182121004	8461.2	7774.7	Immune
-9587.450787016587	-1382.6059954673913	8728.3	7772.8	Stroma
-22805.660813644834	1732.0716486908577	8815.6	7772.4	Immune
25070.822896188816	3894.1682087694435	8476.2	7776.1	Stroma
-21821.07772784578	2274.2970034510236	8823.0	7774.6	Immune
-24415.462694728136	-1208.3450609430697	8517.6	7772.9	Stroma
-14678.697691830512	-1168.6104315058465	8450.3	7775.7	Stroma
-12775.960782805902	405.1296219803371	8739.8	7777.3	Stroma
-593.6957662463174	832.8407160510369	8777.2	7775.2	Stroma
-21893.593751794175	199.01840221569273	8722.7	7777.2	Stroma
-21343.29003169386	123.78326937415886	8484.9	7780.4	Stroma
-21743.91365454717	-405.2515505677318	8766.2	7777.0	Stroma
11279.777984316155	-281.71372975882787	8799.0	7777.1	Stroma
-20100.914000971286	-155.88089403263893	8758.2	7777.8	Stroma
-12965.906561269818	2919.0016132105675	8786.7	7779.0	Immune
50295.07410559099	-771.3165047190848	8815.8	7782.6	Stroma
-13479.607533369614	33.419239582376576	8396.1	7777.5	Stroma
16492.395305191974	-373.3101226491083	8409.4	7782.3	Stroma
-8422.884870293175	1657.524810414427	8468.1	7782.7	Stroma
-15915.474082251603	-915.9063548691524	8514.7	7780.5	Immune
-17956.825284092414	-1556.6528459544807	8647.2	7780.5	Stroma
-19995.86313525153	-814.2505738940101	8702.3	7778.8	Stroma
-10736.12322240962	-885.0875573170447	8503.1	7782.0	Immune
-15153.551862521654	-82.80528284711295	8718.0	7782.2	Stroma
-14968.044370162923	682.5308086335385	8727.1	7782.9	Stroma
4690.184265778873	-1520.8644002118076	8452.9	7785.9	Stroma
-17244.090634747274	-189.5997499575476	8694.3	7784.0	Stroma
-10306.560846285665	2435.0718515566223	8733.5	7783.6	Stroma
-17456.1810796153	-1567.6989005952714	8769.5	7783.1	Stroma
-23966.482241875317	-1490.9756990098667	8776.6	7784.4	Stroma
-21374.41837865052	1486.7596594958895	8793.1	7784.3	Stroma
-13408.323791807765	4582.871171979557	8682.5	7785.1	Immune
-18907.0317932184	-36.46714423834965	8761.4	7787.0	Stroma
-16520.402693188233	1205.0229502077996	8393.6	7788.7	Immune
-22468.152931053082	-304.4420823179273	8400.4	7786.0	Immune
-24841.37138275135	487.28889158270295	8433.7	7782.7	Immune
-13241.005633401444	-709.2045547028581	8708.5	7784.5	Stroma
-2797.7675709179093	-634.0311832684322	8514.6	7792.0	Immune
-15013.521753532303	-1515.4471682664307	8440.3	7788.2	Stroma
-18057.868340316378	-1752.3746906304575	8421.6	7787.9	Stroma
-11949.431548034452	3147.7634567752148	8429.4	7789.2	Immune
-25814.78676969115	-523.6211703450833	8715.9	7787.5	Stroma
29252.69575393008	8497.701928055047	8737.0	7792.4	Stroma
-6595.331483395596	-1116.794392442123	8474.9	7790.4	Stroma
-12059.371780001875	-866.5088537006604	8701.5	7791.7	Stroma
-25294.62174065137	-672.7296382875918	8725.5	7789.9	Stroma
3807.1545950692744	-574.872554049759	8579.2	7790.6	Stroma
-25825.581411987416	-368.91992517230733	8783.8	7790.2	Stroma
-16039.519737029786	-1803.3521204754325	8568.3	7790.7	Stroma
1060.5288372495634	-75.04492274344875	8405.9	7797.6	Stroma
3463.9608715842623	543.8018137667714	8485.9	7795.7	Stroma
-19007.920912611222	-1345.673885869144	8711.6	7792.6	Stroma
7901.317719056176	-712.4513834968557	8722.8	7795.4	Stroma
27106.99241188119	-1850.477374483599	8449.8	7800.9	Stroma
-17310.968345350902	2326.8279517543697	8746.8	7796.2	Stroma
-15930.88722866651	-756.2230362660096	8789.9	7794.8	Stroma
-24323.87153735034	163.07867598527855	8477.6	7799.8	Stroma
-20004.491427049426	-1765.689559230196	8713.2	7798.0	Stroma
-17121.48740646852	-256.91433562175575	8794.7	7799.0	Stroma
5056.240284079424	-1518.6330529540135	8414.6	7803.4	Stroma
-11835.113005532548	214.61419101575711	8644.3	7802.3	Stroma
48151.48326919046	-1979.4749352685415	8696.5	7802.5	Stroma
-13458.022254586336	2638.1399782056205	8742.4	7804.4	Stroma
75458.9429202988	-1645.4827276084234	8720.4	7810.4	Immune
-21989.266986059272	-993.2931167090646	8716.5	7802.9	Stroma
-6413.166700560232	-318.4766685919071	8803.2	7802.4	Stroma
10735.775149227564	-565.4887569805701	8587.8	7808.5	Stroma
-13581.226355799372	-761.572583373541	8731.6	7804.7	Stroma
480.17385189424385	2607.096113456103	8497.8	7806.3	Stroma
29993.39822678872	-278.07188112516315	8818.6	7804.8	Stroma
12342.526361833581	266.1358852682474	8687.0	7808.1	Stroma
11955.674502502668	2603.70760957686	8710.0	7806.9	Stroma
-11303.409637886252	2439.8109934508975	8783.7	7806.6	Stroma
24557.85274638258	1276.619850913482	8810.2	7811.4	Stroma
21147.66608346827	-2327.0937346451055	8443.1	7812.5	Stroma
-12092.318976211314	303.72575461829774	8796.4	7809.4	Stroma
-12341.231425641323	754.7889313143633	8400.7	7811.6	Stroma
8705.379921714368	3645.5539364753613	8511.1	7813.7	Stroma
3827.7284630384383	-138.51264206995802	8728.9	7814.6	Stroma
-441.72665271668666	-117.19577148005146	8408.1	7817.0	Stroma
-10831.390174542154	-2225.166009851216	8415.0	7814.7	Stroma
-20888.442890135655	-1356.8298880904613	8678.1	7812.4	Stroma
-22083.13695439555	-561.3132072402123	8737.3	7811.8	Stroma
-7563.37491027846	-1420.8481588839654	8823.3	7814.2	Stroma
54363.39383128917	-961.0844597937928	8697.6	7817.4	Stroma
-15365.08411679967	-2008.9505660336415	8421.8	7816.6	Stroma
-9443.036264965915	-298.2874363069243	8617.8	7815.9	Stroma
-19920.231759227983	-652.066621314317	8633.1	7812.9	Stroma
352.87043377602095	2847.5131869276993	8705.8	7818.0	Stroma
484.69437111730076	-285.7217707827949	8782.1	7815.6	Stroma
-18048.756897565887	-1698.7169576936465	8684.4	7816.7	Stroma
-4601.25950712373	854.7558559247418	8799.2	7816.4	Stroma
20176.190146723908	5955.051573662215	8495.0	7819.4	Stroma
21216.277472540613	4668.078337995786	8509.6	7825.6	Stroma
9301.349922448404	-61.9509932946105	8741.5	7817.1	Stroma
-17422.506641423824	-1418.1919688493122	8472.5	7818.3	Immune
-18805.604612073963	-169.22928291732478	8816.5	7819.1	Stroma
8447.928512608407	-2571.1851221943016	8439.1	7823.7	Stroma
27108.2200793034	6202.552417523229	8792.6	7823.8	Immune
9657.385741820202	485.9736517954025	8630.4	7824.1	Stroma
-12911.123495627584	910.3866699877449	8722.1	7823.3	Stroma
-20795.97107465629	923.5799753271103	8804.7	7821.5	Stroma
-27922.728243558606	912.1677457846858	8810.8	7820.8	Immune
-6415.820325368051	-939.7630720936725	8684.0	7822.9	Stroma
-18465.173768606357	-790.5753885532065	8711.6	7823.1	Stroma
4933.105634643245	2397.0055136617684	8750.1	7821.0	Stroma
-14361.108687896209	699.0212122394937	8763.6	7821.8	Stroma
10584.683308232416	960.9777483083494	8546.5	7828.5	Stroma
-8498.199096676613	-591.8058835888849	8774.7	7823.9	Stroma
-16822.02988655768	-747.1522521386978	8732.7	7824.7	Stroma
5870.770169548479	3921.0122458744836	8519.7	7825.5	Stroma
-20714.940250358566	915.8728819458447	8501.9	7828.3	Stroma
-9424.909954081042	-366.32584615740825	8816.9	7825.6	Stroma
19171.565304919277	297.6708806439565	8416.2	7831.5	Stroma
-25133.275025815823	831.4882529375332	8810.5	7827.0	Immune
-15367.253029626714	-1114.157224405813	8750.1	7828.3	Stroma
-21934.506576304004	-221.6012586462748	8804.9	7829.5	Stroma
-21416.667896963347	-1356.7949199880288	8824.0	7825.4	Stroma
10752.98669004655	303.2315369931307	8395.0	7829.1	Stroma
-17369.207117453163	3636.904226191893	8792.0	7830.7	Immune
29385.650892555626	896.4675152818095	8693.4	7838.1	Stroma
15932.908595828041	8150.8419251783125	8782.9	7830.0	Stroma
-13834.04806407676	1736.458375263815	8685.8	7832.1	Stroma
-2297.9529956894257	-1577.5572019314973	8713.4	7829.7	Stroma
-15560.1818346324	1786.0873168806042	8768.3	7829.1	Stroma
-10500.510624840535	483.2051330221839	8471.1	7830.6	Immune
57082.43929453312	6131.535514432	8745.2	7836.8	Immune
-23162.48025121505	-1403.783890351277	8658.7	7829.7	Stroma
4861.083833408891	625.7177059229557	8758.9	7831.4	Stroma
-14188.36099108728	1173.3989641992257	8817.3	7832.4	Stroma
23812.789675221786	-1096.313696132774	8486.1	7832.6	Stroma
-15731.004298812062	-25.365405462060153	8606.0	7831.7	Stroma
-23917.52020985745	1386.269800230123	8735.1	7832.9	Immune
-4482.941818976309	1876.3798865682243	8729.1	7834.9	Stroma
-6750.238606266852	2035.2731092392814	8525.5	7833.6	Stroma
-15525.549983873025	265.91719199336285	8702.0	7834.9	Stroma
-3390.1395124021146	-1195.1133766764976	8722.4	7835.1	Stroma
-6623.5893593492765	1827.2941789321258	8508.6	7836.8	Stroma
-9069.935930006239	376.05507141297267	8710.2	7836.0	Stroma
-10935.227949330449	3955.044962538698	8766.1	7838.2	Immune
-26549.44365086616	1070.2857722830258	8774.0	7835.0	Immune
9215.24595595053	2137.5551071402924	8516.0	7841.1	Stroma
-19504.728962750134	-861.1984136103263	8756.6	7836.7	Stroma
-16013.103301325089	-533.4723146367826	8400.5	7838.7	Stroma
-14823.48889913633	1845.7761010049603	8784.3	7837.7	Stroma
-24496.74055411032	-880.230879155079	8795.9	7838.8	Stroma
-26250.397378061818	1094.27754369384	8809.0	7838.3	Immune
2411.237152270427	4103.1509302182885	8714.6	7843.0	Stroma
-6869.550605731372	-1159.5027094275151	8640.0	7842.6	Stroma
-23997.357672248	578.6075671129493	8759.5	7841.3	Immune
-19772.074466263166	2900.1169232415195	8802.1	7841.6	Immune
27850.745901422255	4904.932717175092	8820.2	7842.5	Stroma
-3377.370653303231	2362.2741355028656	8527.8	7842.3	Stroma
-23005.71068288984	1395.3002345929845	8736.8	7842.1	Immune
-11318.337647168457	-1060.4252950588766	8791.2	7844.6	Stroma
3555.8931726075534	-338.28378499628184	8776.7	7846.3	Stroma
-17796.948772232954	-1546.382541992985	8483.3	7843.0	Immune
5773.440490267247	3509.5661139718504	8559.8	7846.8	Stroma
-18677.560714675696	-1997.240254687538	8782.8	7843.3	Stroma
-10656.275349885495	-1149.6607044022912	8665.5	7842.8	Stroma
14136.096164926828	10960.978962018413	8764.6	7849.0	Immune
-22344.989737995416	-1495.8706913374426	8456.0	7845.3	Immune
-2451.927192750729	1272.0771841513656	8517.7	7848.9	Stroma
-20142.466086575936	2399.8561615028784	8751.8	7846.5	Immune
-18421.43523762865	-1670.565986700678	8395.4	7848.9	Stroma
-22932.404396034828	-1411.378682445215	8465.2	7848.4	Immune
36217.20920296568	-1201.8419516591823	8476.5	7854.8	Stroma
-7999.903298684381	3260.315261515495	8673.1	7849.4	Stroma
99840.04754305263	-1913.0643614549622	8810.1	7850.0	Immune
-13586.514360466932	-463.6983595279123	8534.1	7848.1	Stroma
2096.602112511915	1912.9950120954873	8647.2	7851.7	Stroma
38717.99275437258	-695.8737113578848	8723.5	7849.0	Stroma
8078.595267637909	4788.38499132418	8739.5	7851.0	Stroma
851.772554007759	-1713.580083936033	8406.9	7851.6	Immune
-9636.383190226472	-1641.0569322721908	8435.8	7848.8	Stroma
-15381.545455232812	-855.1068329643265	8613.5	7851.2	Stroma
-14743.948985693132	3777.9862135949115	8658.5	7850.5	Immune
-24539.302626661127	796.2100057238085	8527.0	7852.7	Stroma
-11653.885242838209	-649.0047036843139	8622.7	7853.9	Stroma
-24169.331251845786	-322.76937246867556	8714.7	7853.1	Stroma
458172.1815826422	-2219.5764185070016	8545.6	7867.3	Immune
-18933.488825838947	914.654709708383	8732.3	7854.5	Stroma
-15483.407410536613	76.29313500611761	8709.9	7854.6	Stroma
16872.61407919108	5574.965156405359	8755.4	7856.0	Stroma
-17351.086996174396	-1346.3266006832146	8822.9	7855.5	Stroma
-5055.5029199119235	224.97072880832638	8530.4	7858.5	Stroma
-23668.26098023216	-1122.670616897089	8663.7	7855.2	Stroma
-20945.5005428104	-1529.5307760746018	8518.7	7855.5	Stroma
88705.70346226872	11187.589531249958	8696.8	7859.8	Immune
127858.23779516049	-3696.0794532074005	8808.8	7863.3	Immune
-3378.328297763779	996.2616414127992	8725.9	7861.3	Stroma
16840.42637621628	5935.470786223902	8794.9	7862.2	Stroma
22109.86741105868	-1638.6530950739343	8433.6	7860.1	Stroma
20318.164210691764	-66.84696627968788	8652.6	7862.6	Stroma
-23577.60651126019	28.482330069782165	8676.9	7857.8	Stroma
-10316.691718620757	-909.0712069796166	8631.6	7862.4	Stroma
20459.550246963096	395.27581292207105	8520.2	7861.8	Stroma
-14702.246456631947	1729.672333268606	8708.3	7864.2	Stroma
-19721.422410305462	-311.08676255128375	8750.3	7861.8	Stroma
-24791.197204689488	-26.37763528834921	8742.2	7860.4	Stroma
57547.25658193593	760.6443079272881	8777.6	7872.2	Immune
-23355.099333020626	-1037.2317982546126	8822.0	7861.9	Stroma
-19804.053458697163	-1355.2611763438742	8414.9	7859.7	Immune
63638.382179684806	2385.1566210804503	8669.5	7864.9	Immune
-382.57117624476086	1763.3842684157826	8736.8	7863.6	Stroma
-17495.30215203339	3130.563018323275	8716.2	7863.9	Stroma
14892.809531361374	1749.7533882015873	8404.1	7865.7	Stroma
-6622.4724732691575	-474.4589738955938	8776.6	7865.0	Stroma
-22905.947990376564	-390.41662048076364	8532.7	7867.7	Stroma
-21240.615873176404	1165.9139396891483	8750.6	7867.4	Stroma
-12844.13952145338	-1817.9394948252307	8820.5	7867.2	Stroma
-17962.791290161673	-1557.6152499127452	8419.9	7866.3	Stroma
20246.65747289051	62.361125623806856	8764.0	7866.7	Stroma
25688.603571830237	2768.2543571930055	8688.3	7870.4	Stroma
-1341.0783226772837	897.0666320013065	8444.6	7867.8	Stroma
49135.28475093133	7473.1735850169625	8524.1	7871.7	Immune
-26080.642624210588	-195.42166831272107	8514.3	7869.1	Stroma
-21994.33996446739	-1398.0929070472644	8456.5	7867.0	Stroma
71203.98026240781	-332.62392827251256	8720.3	7872.9	Stroma
21866.79333006127	10366.513970453434	8740.3	7872.3	Stroma
-24030.675023340737	-442.0766780640233	8412.8	7869.8	Stroma
-21386.870152326537	-152.10886396694286	8393.1	7869.7	Immune
-17220.70930341824	-1669.1731928056552	8566.2	7872.2	Stroma
4251.983498337315	5035.798720018466	8677.8	7874.2	Stroma
-2840.9132067168975	2345.6835553641386	8481.8	7872.1	Stroma
13674.171487572916	-752.4312949429734	8816.6	7875.0	Stroma
590.717793443946	5584.720527241478	8407.0	7877.0	Stroma
-13324.576926183108	-1735.3079955101127	8759.0	7875.2	Stroma
2990.0426318597165	6854.424315908773	8779.7	7878.9	Stroma
54381.985933494754	2737.6227988218598	8795.3	7876.1	Stroma
-15930.486614492278	-1814.2888993246193	8398.7	7874.0	Stroma
-2624.7747611133673	310.2623484469377	8420.3	7875.1	Stroma
-2851.488465784627	2766.4623381978927	8704.7	7874.5	Stroma
42771.28674264744	2337.6441531982546	8664.5	7877.0	Stroma
-15694.465692386246	1058.8722834986797	8461.5	7877.7	Stroma
-15260.086496763448	2.456740004468884	8749.6	7877.6	Stroma
3633.189356634488	5339.773967036402	8453.0	7877.5	Stroma
-2492.7155588751702	1356.3695673780849	8532.8	7878.1	Stroma
-2936.1216600788102	-761.3958728138248	8491.1	7878.2	Stroma
-22608.625809798068	-51.44510837856478	8697.1	7876.3	Stroma
5619.753368181111	-2371.510564310846	8395.7	7879.9	Immune
22952.18112630031	6909.195563499303	8439.8	7878.8	Stroma
1618.0246753891988	21.923989999634614	8611.8	7878.3	Stroma
65487.23983671311	2452.326397193012	8683.8	7883.0	Stroma
-19817.790293448426	805.3872950707491	8517.7	7881.8	Stroma
15141.48302764984	-2372.3999940961603	8417.0	7883.4	Stroma
-14871.52564841343	883.1360871156426	8475.6	7880.6	Stroma
27148.513509365686	4257.342598672965	8696.9	7885.0	Stroma
-16703.322571404675	-836.9836510409591	8716.2	7881.8	Stroma
-3331.5516379432083	280.7682192717448	8501.1	7884.6	Stroma
10163.42458954447	103.92932208753882	8555.3	7884.7	Stroma
-10879.067571958916	2242.827439820652	8783.9	7886.0	Stroma
-18913.832436055676	-415.34099976667244	8742.7	7883.1	Stroma
162.76743367538438	3472.954793591467	8800.7	7885.7	Stroma
-20866.630658904465	-637.3167751419203	8652.3	7883.8	Stroma
-13771.524707308745	-793.0903647783277	8619.6	7884.7	Stroma
-4686.409602885324	1841.452074795351	8708.3	7886.7	Stroma
689.3533285500744	3808.7221960487304	8451.2	7886.7	Stroma
-23697.20980317123	-513.7494158148493	8532.0	7886.2	Stroma
7089.759429979895	-362.12814621371854	8395.3	7891.7	Immune
-154.29199974497897	-1797.9594274517308	8666.0	7889.0	Stroma
-14775.348741999791	-1860.4621674183654	8435.1	7887.6	Stroma
5681.8770498245285	-986.6850749781063	8474.3	7887.9	Stroma
-18095.186096028225	-961.0650946716332	8485.4	7889.4	Stroma
-11529.686223132361	766.8320311556863	8608.4	7886.3	Stroma
-1560.1147268086643	-1658.5241034046885	8426.6	7888.7	Immune
-18554.914842978982	-1498.6184997246253	8408.2	7888.5	Stroma
1122.1784030524213	1742.8142167851074	8464.7	7890.4	Stroma
-16238.4647907826	-671.3804386051761	8743.0	7889.9	Stroma
-18546.12106185332	-996.9605924766763	8594.0	7889.2	Stroma
-3592.648166741761	1953.3650929810806	8602.7	7891.5	Stroma
-8863.96653174419	-1037.4708532033155	8816.7	7889.3	Stroma
-14841.156285098601	1629.481644936241	8624.1	7890.3	Stroma
-22388.486515512817	1.9388052920744485	8441.5	7890.7	Stroma
-22364.988604893668	-1808.1329395130144	8658.0	7889.9	Stroma
-4176.167023856222	3885.824106354081	8698.5	7893.3	Stroma
7188.79834774325	2983.741451834683	8719.6	7891.3	Stroma
-22104.339165740585	-971.1151930703977	8417.5	7892.9	Immune
-18963.994367470274	2098.7855736384126	8681.4	7891.0	Stroma
1673.8696579445532	4932.280794699041	8559.6	7895.1	Stroma
-4802.217717472784	-1234.6914137843733	8585.5	7897.2	Stroma
-4385.966211321436	5641.386263922132	8616.5	7897.8	Stroma
6368.245163861015	428.69164834497724	8775.7	7895.8	Stroma
-8818.935041221092	83.06089594521472	8526.8	7894.0	Stroma
-2384.2610925994886	4420.273663343392	8672.6	7895.1	Stroma
-8450.679738053073	-1249.835953362288	8651.7	7894.2	Stroma
50753.759677720416	-135.69913378639262	8760.9	7894.5	Stroma
-12718.124822867117	2523.874183983011	8688.5	7895.7	Immune
-26723.328848844518	402.2454779152172	8458.6	7895.6	Stroma
-6909.193367165753	4935.040764206613	8630.4	7896.4	Stroma
1836.5345447216314	678.4993840231618	8744.7	7896.7	Stroma
-3482.4355674934923	-881.0779717965956	8405.4	7897.5	Stroma
2137.017000098531	-681.2754032758542	8438.6	7898.0	Stroma
-11331.15454297715	-883.4636023418782	8478.8	7898.7	Stroma
-21263.63038265514	-26.46860708736449	8682.0	7897.8	Stroma
47872.30532330349	-1970.3091633385104	8814.7	7899.4	Stroma
-18312.637997649508	69.65240197652702	8640.6	7899.5	Stroma
-16168.557948998252	670.9157192753041	8447.7	7899.5	Stroma
-17287.09942901143	678.1609195262708	8596.4	7900.5	Stroma
-22674.998806485928	-327.72287505952136	8647.4	7899.8	Stroma
-14160.677750493975	2454.2956539468514	8708.4	7898.2	Stroma
-16563.6932804986	1458.0553123824889	8655.5	7903.3	Stroma
3756.5694170961797	-50.85796051855914	8468.3	7902.3	Stroma
-21685.760253415043	-780.3038587039916	8662.0	7899.4	Stroma
-12094.183659306298	1621.0363837209384	8730.6	7898.5	Stroma
-14612.19418471889	-489.38860317348644	8426.8	7901.7	Stroma
-19248.034275238275	-1068.688076961556	8691.6	7901.2	Stroma
-19578.223709664497	-413.19805502500185	8739.1	7901.6	Stroma
-19530.715100863497	-200.33547952549247	8454.8	7901.7	Stroma
28579.458396777452	2399.274739692616	8569.1	7908.1	Stroma
-5592.941497347914	-709.110859308616	8674.4	7902.1	Stroma
-6927.189699873077	1612.6247073306608	8499.3	7903.2	Stroma
8147.186421847087	4185.079655090215	8525.7	7904.0	Stroma
-3266.2989977895995	-1136.3191500752073	8800.8	7905.8	Immune
27307.914499625564	595.5921142073257	8719.3	7905.3	Stroma
13369.166622864082	-1315.9377017618738	8682.3	7906.7	Stroma
-11886.365019891335	1352.2486771350832	8707.2	7905.1	Stroma
143773.9206403225	-986.2581274868116	8755.5	7905.9	Immune
6976.28026253359	5691.240593626079	8733.7	7908.4	Stroma
18366.178247775642	-555.5712124050983	8668.9	7906.7	Stroma
-15660.893982985242	1198.7562323089828	8559.9	7906.4	Stroma
12083.888621940729	-1987.5148526868109	8456.7	7908.4	Stroma
45259.82320108278	8286.004139628876	8484.8	7908.6	Stroma
-26631.080784607177	1194.9575178501264	8693.7	7906.3	Immune
-22399.28078116164	898.1317929852326	8396.9	7906.0	Immune
-23058.152347680043	41.206737067446284	8408.1	7907.6	Stroma
-15060.488427308075	-844.4379621111289	8819.7	7907.6	Stroma
-14913.694507718425	144.38762967241428	8632.0	7908.6	Stroma
-17093.626127790143	526.3648043918583	8602.1	7909.4	Stroma
-18425.836703897447	1064.4817253004858	8721.5	7910.7	Stroma
2281.0562494926417	2181.904107068701	8751.0	7915.3	Stroma
205427.3281945645	-5908.682000073632	8537.4	7916.5	Immune
42790.55509530382	2259.649456941903	8615.5	7911.9	Stroma
-20278.066751179154	-770.2180181099579	8395.4	7914.5	Stroma
-11292.43332233906	1083.2746230129474	8420.5	7912.0	Stroma
71080.98244016053	6940.908941029631	8438.4	7915.2	Immune
462815.9985630964	-12566.016693596031	8509.6	7916.5	Immune
5091.521024881418	4276.79083195542	8668.9	7912.8	Stroma
-1945.0147360733754	2538.7002078133146	8652.8	7914.3	Stroma
-24449.863427344502	1151.6039799928485	8727.8	7913.0	Immune
-24539.952783678527	-497.1443710344838	8559.9	7913.0	Stroma
13268.686516905138	-134.0405921832687	8700.5	7913.7	Stroma
48797.39948740178	319.3110126011402	8733.9	7919.8	Stroma
1247.3282819942979	-199.79574121294195	8551.3	7914.3	Stroma
8534.301132656357	41.19803507041206	8689.0	7914.8	Stroma
-25025.831239136183	125.7772414825572	8824.1	7914.4	Stroma
-21808.3560881378	1687.7040277235033	8710.9	7916.9	Immune
-12529.039512452156	4245.803546730053	8678.0	7917.1	Stroma
-26454.79846972281	990.6709801129327	8722.1	7916.6	Immune
-25172.58913743985	742.8839156102927	8819.5	7916.8	Immune
-15614.429018338324	-456.2965422937184	8627.9	7917.2	Immune
-24659.25382234991	-398.61129552488455	8411.1	7919.4	Stroma
143380.77459784056	10962.698744357642	8441.2	7924.5	Immune
-23341.170610000103	-1111.8345772551854	8476.1	7916.9	Stroma
-20221.090804519918	-1365.448584932173	8563.0	7921.1	Stroma
-15699.375272392452	3811.977479827172	8659.8	7919.1	Immune
-9106.818962666934	4749.0459768327955	8702.6	7920.4	Immune
-19854.222202655084	2517.7628147914165	8813.0	7919.7	Stroma
-3202.865129801605	-2833.5054826670935	8545.2	7921.4	Immune
111794.73469948508	-4775.269477588059	8560.0	7931.1	Immune
-17887.700489418396	-940.1858742830586	8622.4	7921.6	Stroma
29032.541095430264	461.32447819814115	8669.9	7923.4	Stroma
3581.5727061335347	-378.2533947758611	8476.3	7924.0	Stroma
35510.90329525128	-1936.090769786969	8718.8	7924.4	Stroma
-20925.618654622584	2879.2496662255717	8819.6	7924.5	Immune
100071.36530049426	-1115.292795198567	8685.9	7928.5	Immune
-20091.123364965617	4402.685708737103	8500.9	7924.3	Immune
11561.848101879863	-3361.6385494027154	8551.1	7927.2	Stroma
-4716.632568788838	-442.2939676246913	8611.2	7924.8	Stroma
-25144.333267690417	629.313692618553	8805.7	7924.0	Stroma
28125.201289031625	-569.4197823420634	8629.1	7928.4	Stroma
27875.97515600121	-1150.5533834707046	8461.6	7930.7	Stroma
-18285.783674039216	-1281.1775248664849	8621.3	7927.5	Stroma
-14164.800888732112	1907.6922782888105	8640.1	7926.3	Stroma
-6491.53623273562	392.0972377982948	8657.7	7927.7	Stroma
-17982.204009876925	1350.6395266738118	8758.2	7925.1	Stroma
1940.051017396123	-245.46442643767318	8703.5	7927.1	Stroma
-7412.751937673951	3594.7406595632046	8773.1	7927.8	Stroma
-21777.14136219986	2869.018199086845	8811.6	7930.4	Immune
16579.728461100218	-2252.0950269098607	8541.8	7930.5	Immune
-7438.4007773969715	2481.79097512763	8743.8	7927.0	Stroma
1465.1508975879478	738.2826526619733	8819.4	7934.2	Stroma
95780.66507325483	2146.8803905126815	8493.1	7930.3	Immune
1358.4302272034183	4859.273124990081	8799.2	7930.4	Stroma
14395.889899650836	-1205.0572870837855	8402.7	7929.6	Stroma
250356.98715133755	6222.179474151986	8518.8	7933.3	Immune
2038.7176726078105	-2506.577522895693	8715.8	7930.8	Stroma
-21933.77109364147	-676.9348180243096	8615.1	7931.8	Stroma
-14600.081735155632	2094.165649780285	8739.5	7933.9	Stroma
-5433.585332457027	-90.55948843564806	8411.6	7931.2	Stroma
-19018.740635930197	-1045.3496806409837	8445.8	7931.8	Stroma
-24641.62009138736	-266.15538327321633	8749.8	7931.3	Stroma
71316.67311588269	18367.062952049084	8759.9	7936.0	Immune
-1752.2542261080598	1974.5203472618778	8788.9	7932.3	Stroma
-20144.25298262754	123.21887988711433	8433.5	7933.3	Stroma
26310.7684541208	1206.4284955848334	8472.5	7935.7	Stroma
-4951.549180806302	-77.04811103057614	8671.5	7935.3	Stroma
62642.35473450781	-502.70000153047613	8703.0	7936.1	Stroma
-8632.969967265439	2006.568783248375	8605.1	7935.4	Stroma
82295.88097761317	1665.5343357093857	8648.4	7936.2	Immune
-3383.3972546850055	-1144.044587609048	8394.1	7934.3	Stroma
21480.960716849127	983.6366929206779	8617.4	7937.5	Stroma
20085.52159325016	-3010.286617489999	8548.4	7937.3	Immune
24488.938702714833	-2839.1985505286552	8718.9	7936.7	Stroma
6301.86106317729	4771.155121152904	8729.6	7935.9	Stroma
-4632.136356486211	3762.869529941103	8779.5	7936.7	Stroma
-19017.642194340755	120.15578768092473	8490.6	7937.2	Stroma
47884.36808772395	-997.2430646695411	8443.1	7938.3	Stroma
-1250.002150412438	-1890.6097711607126	8483.2	7938.1	Stroma
-23844.456358712938	485.065040645356	8497.5	7938.2	Stroma
-24311.686040379485	1569.2666726010625	8400.7	7938.6	Immune
10104.14350277566	-1189.6454758629316	8414.7	7938.3	Stroma
-25584.49992539515	-83.32866741800854	8738.2	7939.2	Immune
-21754.455149693094	-1983.4100597907939	8536.3	7938.6	Immune
-21953.746651158574	-341.6187956199792	8787.8	7939.2	Stroma
-19265.39605526043	-1661.0430154079809	8426.3	7939.0	Stroma
